{"cameraMode":{"drawMode":0,"name":"Shaded","section":"Shading Mode"},"sceneLighting":false,"audioPlay":false,"sceneViewState":{"m_AlwaysRefresh":false,"showFog":true,"showSkybox":false,"showFlares":true,"showImageEffects":true,"showParticleSystems":true,"showVisualEffectGraphs":true,"m_FxEnabled":true},"in2DMode":false,"pivot":{"x":1.1920928955078126e-7,"y":2.520042657852173,"z":0.6463841795921326},"rotation":{"x":-0.10800629109144211,"y":0.418688029050827,"z":-0.050229549407958987,"w":-0.9002874493598938},"size":3.5845565795898439,"orthographic":false}