{"cameraMode":{"drawMode":0,"name":"Shaded","section":"Shading Mode"},"sceneLighting":true,"audioPlay":false,"sceneViewState":{"m_AlwaysRefresh":false,"showFog":true,"showSkybox":true,"showFlares":true,"showImageEffects":true,"showParticleSystems":true,"showVisualEffectGraphs":true,"m_FxEnabled":true},"in2DMode":false,"pivot":{"x":7.202029228210449,"y":1.954307198524475,"z":1.607632040977478},"rotation":{"x":-0.0031144521199166776,"y":-0.7217918038368225,"z":-0.0032480857335031034,"w":0.6920956969261169},"size":0.01352780219167471,"orthographic":false}